{
  "edge_cases": {
    "zero": 0,
    "negative_zero": -0,
    "leading_zeros": "00123",
    "trailing_zeros": 100.000,
    "very_small": 0.000000001,
    "very_large": 999999999999999,
    "max_safe_integer": 9007199254740991,
    "negative_infinity": "-Infinity",
    "positive_infinity": "Infinity",
    "not_a_number": "NaN"
  },
  "boundary_values": {
    "int8_min": -128,
    "int8_max": 127,
    "uint8_max": 255,
    "int16_min": -32768,
    "int16_max": 32767,
    "uint16_max": 65535,
    "int32_min": -2147483648,
    "int32_max": 2147483647
  },
  "decimals": {
    "one_decimal": 1.1,
    "two_decimals": 1.12,
    "three_decimals": 1.123,
    "ten_decimals": 1.1234567890,
    "repeating": 0.333333333
  }
}

