{
  "dataset": "Large Numbers Test",
  "description": "This file contains a large variety of numbers for testing extraction and analysis",
  "integers": {
    "small": [0, 1, 2, 3, 4, 5, 6, 7, 8, 9],
    "medium": [10, 42, 100, 256, 512, 1000, 1024, 2048, 4096],
    "large": [10000, 50000, 100000, 1000000, 9999999],
    "negative": [-1, -10, -100, -1000, -9999]
  },
  "decimals": {
    "simple": [0.1, 0.5, 0.9, 1.5, 2.5, 3.14, 9.99],
    "precise": [0.001, 0.123, 0.456789, 1.234567890123],
    "financial": [19.99, 29.99, 49.99, 99.99, 199.99, 999.99]
  },
  "scientific": {
    "small": [1e-10, 1.23e-8, 4.56e-6, 7.89e-4],
    "large": [1e10, 1.23e8, 4.56e6, 7.89e4]
  },
  "special": {
    "pi": 3.141592653589793,
    "e": 2.718281828459045,
    "phi": 1.618033988749895,
    "sqrt2": 1.4142135623730951
  },
  "duplicates": [1, 2, 3, 1, 2, 3, 1, 2, 3],
  "mixed": [
    1, -2.5, 3.14, -100, 0.001, 42, -0.5, 999.99, -1000, 0
  ],
  "statistics": {
    "mean": 50.5,
    "median": 51.0,
    "mode": 42,
    "stdDev": 15.8,
    "variance": 249.64,
    "min": 0,
    "max": 100
  }
}

